<?xml version="1.0" encoding="UTF-8" standalone="yes"?>
<verifylog operation="Verify" name="Picture" structure="DISK(MacOS):2012 DevCon:_v13:DEMO:Picture.4dbase:Picture.4DB" data="DISK(MacOS):2012 DevCon:_v13:DEMO:Picture.4dbase:Picture.4DD" os="Mac OS X (10.7.2)">
<start_timer time="2012-01-30T15:00:26+09:00"/>
<step title="メンテナンスモードでデータベースを開いています">
</step>
<step title="ストラクチャーの内部データベースを検証">
	<step title="セグメント 1 のビットテーブルをチェック">
	</step>
	<step title="セグメント 65 のビットテーブルをチェック">
	</step>
	<step title="自動シーケンス番号定義をチェック中">
	</step>
	<step title="削除された自動シーケンス番号定義の連鎖リストをチェック中">
	</step>
	<step title="データテーブル定義をチェック中">
	</step>
	<step title="削除されたテーブル定義の連鎖リストをチェック中">
	</step>
	<step title="インデックス定義をチェック中">
	</step>
	<step title="削除されたインデックス定義の連鎖リストをチェック中">
	</step>
	<step title="バックアップインデックス定義をチェック中">
	</step>
	<step title="削除されたバックアップインデックス定義の連鎖リストをチェック中">
	</step>
	<step title="データテーブルをロード中">
		<step title="データテーブルヘッダーをチェック中">
		</step>
		<step title="削除されたデータテーブルヘッダーの連鎖リストをチェック中">
		</step>
	</step>
	<step title="テーブル Resources のBLOBをチェック中">
	</step>
	<step title="テーブル Resources の削除されたBLOBのリストをチェック中">
	</step>
	<step title="テーブル Resources のレコードをチェック中
">
	</step>
	<step title="テーブル Resources の削除されたレコードのリストをチェック中">
	</step>
	<step title="テーブル [Table#2] のBLOBをチェック中">
	</step>
	<step title="テーブル [Table#2] の削除されたBLOBのリストをチェック中">
	</step>
	<step title="テーブル [Table#2] のレコードをチェック中
">
	</step>
	<step title="テーブル [Table#2] の削除されたレコードのリストをチェック中">
	</step>
	<step title="インデックスBツリー インデックス0 on kind (TYPE only)を検証中">
		<step title="Bツリー インデックス0 on kind (TYPE only) のインデックスページアドレスをチェック中">
		</step>
		<step title="Bツリー インデックス0 on kind (TYPE only) インデックスページをチェック中">
		</step>
	</step>
	<step title="インデックスBツリー インデックス1 on stamp (stamp)を検証中">
		<step title="Bツリー インデックス1 on stamp (stamp) のインデックスページアドレスをチェック中">
		</step>
		<step title="Bツリー インデックス1 on stamp (stamp) インデックスページをチェック中">
		</step>
	</step>
	<step title="インデックスBツリー インデックス2 on kind , id (TYPE and ID)を検証中">
		<step title="Bツリー インデックス2 on kind , id (TYPE and ID) のインデックスページアドレスをチェック中">
		</step>
		<step title="Bツリー インデックス2 on kind , id (TYPE and ID) インデックスページをチェック中">
		</step>
	</step>
</step>
<step title="セグメントのビットテーブルをチェック">
	<step title="セグメント 1 のビットテーブルをチェック">
	</step>
	<step title="セグメント 65 のビットテーブルをチェック">
	</step>
</step>
<step title="インデックスチェック中">
	<step title="キーワードインデックス0 on PICTURES.Photos">
		<step title="自動シーケンス番号定義をチェック中">
		</step>
		<step title="削除された自動シーケンス番号定義の連鎖リストをチェック中">
		</step>
		<step title="データテーブルをロード中">
			<step title="データテーブルヘッダーをチェック中">
			</step>
			<step title="削除されたデータテーブルヘッダーの連鎖リストをチェック中">
			</step>
		</step>
		<step title="インデックス定義をチェック中">
		</step>
		<step title="削除されたインデックス定義の連鎖リストをチェック中">
		</step>
		<step title="インデックスキーワードインデックス0 on PICTURES.Photosを検証中">
			<step title="キーワードインデックス0 on PICTURES.Photos のインデックスページアドレスをチェック中">
			</step>
			<step title="キーワードインデックス0 on PICTURES.Photos のクラスターをチェック中">
			</step>
			<step title="キーワードインデックス0 on PICTURES.Photos の削除されたクラスターのリストをチェック中">
			</step>
			<step title="キーワードインデックス0 on PICTURES.Photos インデックスページをチェック中">
			</step>
		</step>
	</step>
</step>
<stop_timer time="2012-01-30T15:00:26+09:00" success="true" user_canceled="false"/>
</verifylog>
